0,0.00,0.50,0.00,0.00,0.00,0.50,0.00,0.00,0.00
01,0.00,0.00,0.00,0.00,0.00,1.00,0.00,0.00,0.00
010,0.00,0.00,0.57,0.14,0.07,0.00,0.21,0.00,0.00
012,0.04,0.04,0.00,0.28,0.17,0.21,0.12,0.10,0.04
013,0.19,0.00,0.19,0.00,0.22,0.12,0.16,0.09,0.03
014,0.11,0.00,0.27,0.24,0.00,0.06,0.16,0.16,0.00
015,0.00,0.00,0.44,0.13,0.21,0.00,0.08,0.05,0.10
016,0.00,0.00,0.15,0.48,0.15,0.00,0.00,0.19,0.04
017,0.12,0.00,0.12,0.06,0.25,0.19,0.06,0.00,0.19
018,0.00,0.00,0.67,0.00,0.00,0.00,0.00,0.33,0.00
020,0.00,0.00,0.00,0.50,0.00,0.00,0.00,0.50,0.00
021,0.14,0.00,0.02,0.23,0.25,0.16,0.11,0.09,0.00
023,0.00,0.00,0.03,0.00,0.38,0.24,0.24,0.05,0.05
024,0.05,0.15,0.00,0.20,0.00,0.45,0.05,0.05,0.05
025,0.00,0.09,0.04,0.35,0.22,0.00,0.11,0.04,0.15
026,0.00,0.08,0.00,0.08,0.17,0.00,0.00,0.58,0.08
027,0.14,0.14,0.00,0.21,0.14,0.14,0.07,0.00,0.14
028,0.00,0.25,0.00,0.25,0.25,0.00,0.25,0.00,0.00
030,0.00,0.00,0.00,0.00,0.75,0.00,0.00,0.25,0.00
031,0.08,0.00,0.37,0.00,0.27,0.20,0.06,0.02,0.00
032,0.00,0.00,0.00,0.00,0.38,0.31,0.12,0.06,0.12
034,0.00,0.22,0.14,0.00,0.00,0.35,0.11,0.14,0.05
035,0.00,0.12,0.19,0.02,0.29,0.00,0.29,0.02,0.07
036,0.07,0.10,0.10,0.00,0.24,0.12,0.00,0.24,0.12
037,0.07,0.14,0.14,0.00,0.14,0.07,0.14,0.00,0.29
038,0.00,0.00,1.00,0.00,0.00,0.00,0.00,0.00,0.00
040,0.00,0.50,0.00,0.00,0.00,0.25,0.00,0.25,0.00
041,0.00,0.00,0.41,0.05,0.05,0.31,0.08,0.08,0.03
042,0.00,0.11,0.00,0.05,0.00,0.58,0.16,0.05,0.05
043,0.05,0.10,0.20,0.00,0.00,0.35,0.25,0.05,0.00
045,0.00,0.05,0.10,0.03,0.00,0.00,0.51,0.18,0.13
046,0.00,0.21,0.00,0.07,0.00,0.21,0.00,0.50,0.00
047,0.00,0.30,0.12,0.12,0.00,0.09,0.15,0.00,0.21
048,0.00,0.20,0.40,0.20,0.00,0.20,0.00,0.00,0.00
05,0.00,0.00,1.00,0.00,0.00,0.00,0.00,0.00,0.00
050,0.00,0.00,0.00,0.00,1.00,0.00,0.00,0.00,0.00
051,0.00,0.00,0.38,0.19,0.25,0.00,0.19,0.00,0.00
052,0.00,0.36,0.00,0.14,0.07,0.00,0.36,0.00,0.07
053,0.00,0.20,0.20,0.00,0.20,0.00,0.20,0.20,0.00
054,0.00,0.33,0.22,0.11,0.00,0.00,0.11,0.22,0.00
056,0.00,0.09,0.09,0.04,0.09,0.00,0.00,0.52,0.17
057,0.00,0.25,0.25,0.00,0.00,0.00,0.00,0.00,0.50
058,0.00,0.33,0.17,0.00,0.00,0.00,0.50,0.00,0.00
061,0.05,0.00,0.32,0.05,0.27,0.05,0.00,0.23,0.05
062,0.00,0.10,0.00,0.30,0.00,0.40,0.00,0.10,0.10
063,0.05,0.20,0.20,0.00,0.20,0.05,0.00,0.30,0.00
064,0.00,0.35,0.05,0.15,0.00,0.15,0.00,0.30,0.00
065,0.00,0.00,0.29,0.14,0.00,0.00,0.00,0.43,0.14
067,0.00,0.29,0.00,0.24,0.00,0.00,0.05,0.00,0.43
068,0.00,0.18,0.27,0.09,0.00,0.18,0.00,0.27,0.00
070,0.00,0.00,0.00,0.00,1.00,0.00,0.00,0.00,0.00
071,0.09,0.00,0.45,0.09,0.18,0.00,0.09,0.00,0.09
072,0.20,0.30,0.00,0.10,0.00,0.20,0.10,0.00,0.10
073,0.00,0.33,0.11,0.00,0.33,0.11,0.11,0.00,0.00
074,0.00,0.31,0.08,0.23,0.00,0.23,0.15,0.00,0.00
075,0.00,0.20,0.60,0.20,0.00,0.00,0.00,0.00,0.00
076,0.00,0.15,0.08,0.38,0.08,0.08,0.00,0.00,0.23
078,0.05,0.20,0.15,0.10,0.15,0.20,0.05,0.10,0.00
080,0.00,0.33,0.33,0.33,0.00,0.00,0.00,0.00,0.00
081,0.18,0.00,0.55,0.09,0.09,0.09,0.00,0.00,0.00
082,0.00,0.50,0.00,0.00,0.00,0.25,0.25,0.00,0.00
083,0.50,0.00,0.00,0.00,0.00,0.50,0.00,0.00,0.00
084,0.00,0.00,0.50,0.00,0.00,0.50,0.00,0.00,0.00
085,0.00,0.25,0.50,0.25,0.00,0.00,0.00,0.00,0.00
086,0.00,0.33,0.17,0.17,0.17,0.00,0.00,0.17,0.00
087,0.00,0.00,0.00,0.00,0.00,0.00,1.00,0.00,0.00
1,0.00,0.00,0.50,0.00,0.50,0.00,0.00,0.00,0.00
101,0.00,0.00,0.25,0.25,0.12,0.38,0.00,0.00,0.00
102,0.03,0.09,0.00,0.36,0.10,0.22,0.07,0.09,0.03
103,0.06,0.06,0.15,0.00,0.18,0.15,0.38,0.03,0.00
104,0.05,0.00,0.16,0.26,0.00,0.26,0.00,0.16,0.11
105,0.00,0.08,0.31,0.15,0.00,0.00,0.38,0.08,0.00
106,0.00,0.00,0.32,0.26,0.05,0.11,0.00,0.11,0.16
107,0.00,0.00,0.33,0.33,0.00,0.00,0.33,0.00,0.00
108,0.00,0.00,0.00,0.25,0.00,0.75,0.00,0.00,0.00
12,1.00,0.00,0.00,0.00,0.00,0.00,0.00,0.00,0.00
120,0.00,0.17,0.03,0.34,0.21,0.10,0.03,0.10,0.00
121,0.24,0.00,0.00,0.24,0.35,0.06,0.12,0.00,0.00
123,0.31,0.01,0.01,0.00,0.26,0.17,0.16,0.08,0.00
124,0.04,0.04,0.02,0.32,0.00,0.28,0.18,0.12,0.02
125,0.09,0.03,0.00,0.30,0.12,0.00,0.16,0.10,0.19
126,0.03,0.00,0.00,0.34,0.09,0.00,0.00,0.31,0.22
127,0.12,0.00,0.04,0.36,0.16,0.12,0.12,0.00,0.08
128,0.00,0.00,0.00,0.07,0.07,0.57,0.29,0.00,0.00
130,0.00,0.14,0.19,0.08,0.42,0.08,0.08,0.00,0.00
132,0.17,0.06,0.00,0.00,0.00,0.39,0.22,0.11,0.06
134,0.10,0.06,0.10,0.00,0.00,0.48,0.13,0.13,0.00
135,0.06,0.00,0.11,0.00,0.39,0.00,0.22,0.06,0.17
136,0.16,0.04,0.04,0.00,0.16,0.12,0.00,0.32,0.16
137,0.27,0.00,0.00,0.09,0.36,0.00,0.27,0.00,0.00
138,0.33,0.00,0.00,0.00,0.00,0.67,0.00,0.00,0.00
14,1.00,0.00,0.00,0.00,0.00,0.00,0.00,0.00,0.00
140,0.00,0.06,0.41,0.41,0.00,0.12,0.00,0.00,0.00
141,0.00,0.00,0.00,0.00,0.00,1.00,0.00,0.00,0.00
142,0.12,0.02,0.00,0.31,0.00,0.40,0.07,0.00,0.07
143,0.15,0.00,0.12,0.00,0.00,0.29,0.37,0.07,0.00
145,0.15,0.00,0.15,0.09,0.00,0.00,0.36,0.06,0.18
146,0.08,0.00,0.16,0.16,0.00,0.04,0.00,0.56,0.00
147,0.04,0.00,0.11,0.11,0.04,0.30,0.19,0.00,0.22
148,0.00,0.00,0.33,0.00,0.00,0.67,0.00,0.00,0.00
150,0.00,0.00,0.20,0.40,0.00,0.00,0.30,0.10,0.00
152,0.05,0.03,0.00,0.42,0.07,0.03,0.30,0.07,0.03
153,0.06,0.00,0.06,0.00,0.06,0.06,0.56,0.22,0.00
154,0.10,0.00,0.30,0.10,0.00,0.05,0.20,0.15,0.10
156,0.17,0.00,0.06,0.06,0.06,0.00,0.00,0.39,0.28
157,0.12,0.00,0.18,0.12,0.06,0.00,0.06,0.00,0.47
158,0.07,0.00,0.14,0.14,0.07,0.00,0.29,0.29,0.00
160,0.00,0.11,0.33,0.00,0.22,0.00,0.00,0.33,0.00
162,0.00,0.00,0.00,0.40,0.10,0.00,0.00,0.40,0.10
163,0.17,0.00,0.21,0.00,0.12,0.04,0.04,0.29,0.12
164,0.08,0.00,0.33,0.00,0.00,0.17,0.00,0.33,0.08
165,0.00,0.00,0.40,0.00,0.00,0.00,0.00,0.00,0.60
167,0.03,0.00,0.16,0.26,0.10,0.06,0.00,0.00,0.39
168,0.33,0.00,0.20,0.07,0.00,0.07,0.00,0.33,0.00
170,0.00,0.00,0.18,0.73,0.00,0.00,0.09,0.00,0.00
172,0.22,0.00,0.00,0.11,0.22,0.22,0.00,0.00,0.22
173,0.38,0.00,0.00,0.00,0.00,0.38,0.12,0.00,0.12
174,0.11,0.00,0.16,0.05,0.00,0.11,0.26,0.11,0.21
175,0.00,0.00,0.50,0.17,0.00,0.00,0.00,0.00,0.33
176,0.17,0.17,0.17,0.33,0.00,0.00,0.00,0.00,0.17
178,0.14,0.00,0.24,0.19,0.05,0.19,0.10,0.10,0.00
180,0.00,0.50,0.50,0.00,0.00,0.00,0.00,0.00,0.00
182,0.00,0.40,0.00,0.10,0.10,0.20,0.00,0.00,0.20
183,1.00,0.00,0.00,0.00,0.00,0.00,0.00,0.00,0.00
184,0.00,0.00,0.00,0.50,0.00,0.00,0.00,0.50,0.00
185,0.00,0.00,0.60,0.20,0.00,0.00,0.20,0.00,0.00
186,0.50,0.00,0.00,0.50,0.00,0.00,0.00,0.00,0.00
187,0.33,0.00,0.00,0.00,0.33,0.00,0.33,0.00,0.00
2,0.00,0.00,0.00,1.00,0.00,0.00,0.00,0.00,0.00
201,0.04,0.00,0.14,0.32,0.25,0.11,0.11,0.04,0.00
202,0.00,0.00,0.00,0.00,0.00,1.00,0.00,0.00,0.00
203,0.03,0.35,0.00,0.00,0.26,0.21,0.12,0.03,0.00
204,0.00,0.16,0.00,0.16,0.00,0.26,0.11,0.32,0.00
205,0.00,0.27,0.00,0.18,0.09,0.00,0.27,0.00,0.18
206,0.00,0.00,0.00,0.22,0.44,0.11,0.00,0.22,0.00
207,0.00,0.15,0.00,0.23,0.15,0.00,0.31,0.00,0.15
208,0.50,0.50,0.00,0.00,0.00,0.00,0.00,0.00,0.00
210,0.00,0.12,0.06,0.33,0.12,0.06,0.18,0.06,0.06
212,0.25,0.00,0.00,0.00,0.25,0.25,0.25,0.00,0.00
213,0.26,0.00,0.02,0.00,0.28,0.15,0.19,0.11,0.00
214,0.15,0.00,0.03,0.32,0.00,0.32,0.06,0.12,0.00
215,0.09,0.00,0.00,0.41,0.09,0.00,0.09,0.09,0.23
216,0.12,0.00,0.00,0.25,0.08,0.00,0.00,0.42,0.12
217,0.17,0.00,0.08,0.08,0.25,0.08,0.17,0.00,0.17
218,0.00,0.00,0.00,0.00,0.00,0.33,0.33,0.33,0.00
23,1.00,0.00,0.00,0.00,0.00,0.00,0.00,0.00,0.00
230,0.00,0.24,0.04,0.02,0.36,0.13,0.11,0.07,0.02
231,0.20,0.00,0.00,0.00,0.20,0.40,0.20,0.00,0.00
232,0.67,0.33,0.00,0.00,0.00,0.00,0.00,0.00,0.00
234,0.05,0.05,0.02,0.00,0.00,0.52,0.12,0.18,0.05
235,0.13,0.08,0.05,0.00,0.18,0.00,0.29,0.05,0.21
236,0.14,0.02,0.02,0.00,0.25,0.20,0.00,0.32,0.05
237,0.15,0.08,0.00,0.00,0.31,0.00,0.15,0.00,0.31
238,0.00,0.50,0.00,0.00,0.50,0.00,0.00,0.00,0.00
240,0.00,0.36,0.00,0.36,0.00,0.00,0.18,0.09,0.00
241,0.08,0.00,0.08,0.38,0.00,0.23,0.08,0.15,0.00
242,0.00,0.00,0.00,0.00,0.00,1.00,0.00,0.00,0.00
243,0.23,0.00,0.00,0.00,0.00,0.42,0.19,0.13,0.03
245,0.10,0.00,0.02,0.17,0.00,0.00,0.40,0.19,0.12
246,0.05,0.05,0.00,0.19,0.00,0.19,0.00,0.52,0.00
247,0.06,0.06,0.00,0.17,0.00,0.28,0.17,0.00,0.28
248,0.00,0.33,0.00,0.00,0.33,0.00,0.33,0.00,0.00
250,0.00,0.30,0.00,0.35,0.10,0.00,0.20,0.05,0.00
251,0.25,0.00,0.00,0.33,0.33,0.00,0.08,0.00,0.00
252,0.00,0.40,0.00,0.00,0.20,0.00,0.40,0.00,0.00
253,0.19,0.08,0.00,0.00,0.24,0.00,0.35,0.11,0.02
254,0.16,0.09,0.00,0.18,0.00,0.02,0.36,0.13,0.07
256,0.11,0.04,0.00,0.17,0.02,0.00,0.00,0.43,0.23
257,0.07,0.04,0.00,0.15,0.22,0.00,0.11,0.00,0.41
258,0.08,0.08,0.08,0.03,0.11,0.05,0.30,0.27,0.00
260,0.00,0.14,0.00,0.43,0.14,0.00,0.00,0.14,0.14
261,0.00,0.00,0.00,0.25,0.25,0.00,0.00,0.50,0.00
262,0.00,1.00,0.00,0.00,0.00,0.00,0.00,0.00,0.00
263,0.20,0.10,0.03,0.00,0.30,0.07,0.00,0.20,0.10
264,0.05,0.05,0.00,0.26,0.00,0.21,0.00,0.37,0.05
265,0.00,0.33,0.00,0.00,0.00,0.00,0.00,0.67,0.00
267,0.08,0.16,0.02,0.12,0.10,0.00,0.04,0.00,0.48
268,0.14,0.00,0.00,0.23,0.18,0.27,0.00,0.18,0.00
270,0.00,0.22,0.22,0.11,0.22,0.00,0.22,0.00,0.00
271,0.20,0.00,0.00,0.40,0.00,0.20,0.00,0.00,0.20
272,0.00,1.00,0.00,0.00,0.00,0.00,0.00,0.00,0.00
273,0.12,0.00,0.00,0.00,0.65,0.06,0.06,0.00,0.12
274,0.00,0.25,0.00,0.25,0.00,0.31,0.12,0.06,0.00
275,0.00,0.00,0.00,0.33,0.17,0.00,0.00,0.00,0.50
276,0.11,0.00,0.00,0.00,0.22,0.00,0.00,0.00,0.67
278,0.08,0.17,0.08,0.08,0.00,0.33,0.25,0.00,0.00
280,0.00,0.00,0.20,0.20,0.20,0.00,0.40,0.00,0.00
281,0.00,0.00,0.17,0.50,0.17,0.17,0.00,0.00,0.00
282,0.00,0.00,0.00,0.00,0.00,0.50,0.50,0.00,0.00
283,0.40,0.00,0.00,0.00,0.07,0.20,0.20,0.13,0.00
284,0.00,0.38,0.00,0.25,0.00,0.12,0.12,0.12,0.00
285,0.19,0.10,0.00,0.29,0.24,0.00,0.19,0.00,0.00
286,0.17,0.08,0.00,0.17,0.17,0.08,0.00,0.33,0.00
287,0.00,0.00,0.00,0.33,0.33,0.00,0.33,0.00,0.00
3,0.50,0.00,0.00,0.00,0.00,0.00,0.50,0.00,0.00
30,0.00,1.00,0.00,0.00,0.00,0.00,0.00,0.00,0.00
301,0.04,0.00,0.26,0.00,0.30,0.18,0.14,0.09,0.00
302,0.00,0.28,0.00,0.00,0.24,0.34,0.07,0.07,0.00
303,0.00,0.50,0.00,0.00,0.00,0.33,0.17,0.00,0.00
304,0.01,0.22,0.15,0.01,0.00,0.33,0.10,0.12,0.04
305,0.04,0.23,0.12,0.00,0.08,0.00,0.42,0.04,0.08
306,0.00,0.17,0.00,0.04,0.38,0.04,0.00,0.33,0.04
307,0.08,0.08,0.33,0.00,0.25,0.08,0.08,0.00,0.08
308,0.00,0.00,0.25,0.00,0.25,0.25,0.25,0.00,0.00
310,0.00,0.17,0.33,0.17,0.25,0.08,0.00,0.00,0.00
312,0.07,0.03,0.00,0.07,0.38,0.23,0.07,0.03,0.12
314,0.00,0.00,0.11,0.07,0.00,0.29,0.25,0.29,0.00
315,0.06,0.00,0.19,0.00,0.31,0.00,0.31,0.12,0.00
316,0.20,0.00,0.10,0.00,0.10,0.10,0.00,0.10,0.40
317,0.00,0.00,0.17,0.17,0.50,0.00,0.00,0.00,0.17
318,0.00,0.00,1.00,0.00,0.00,0.00,0.00,0.00,0.00
320,0.00,0.17,0.00,0.17,0.25,0.08,0.33,0.00,0.00
321,0.25,0.00,0.00,0.25,0.38,0.00,0.00,0.12,0.00
324,0.00,0.14,0.00,0.00,0.00,0.57,0.14,0.14,0.00
325,0.09,0.05,0.00,0.00,0.23,0.00,0.27,0.14,0.23
326,0.07,0.07,0.00,0.14,0.29,0.07,0.00,0.21,0.14
327,0.00,0.14,0.00,0.00,0.43,0.00,0.29,0.00,0.14
328,0.00,0.00,0.00,0.14,0.29,0.43,0.14,0.00,0.00
340,0.00,0.50,0.19,0.00,0.06,0.12,0.12,0.00,0.00
341,0.24,0.00,0.07,0.07,0.00,0.38,0.14,0.07,0.03
342,0.15,0.00,0.00,0.00,0.00,0.46,0.15,0.00,0.23
343,0.00,1.00,0.00,0.00,0.00,0.00,0.00,0.00,0.00
345,0.05,0.13,0.10,0.00,0.01,0.00,0.41,0.20,0.10
346,0.22,0.03,0.03,0.00,0.00,0.16,0.00,0.51,0.05
347,0.08,0.08,0.03,0.00,0.03,0.36,0.17,0.00,0.25
348,0.11,0.11,0.11,0.00,0.11,0.33,0.00,0.22,0.00
350,0.00,0.48,0.17,0.04,0.13,0.00,0.13,0.04,0.00
351,0.07,0.00,0.64,0.00,0.21,0.00,0.07,0.00,0.00
352,0.18,0.18,0.00,0.00,0.07,0.00,0.39,0.11,0.07
353,0.50,0.50,0.00,0.00,0.00,0.00,0.00,0.00,0.00
354,0.11,0.08,0.11,0.03,0.00,0.00,0.39,0.19,0.08
356,0.10,0.10,0.04,0.00,0.04,0.00,0.00,0.50,0.21
357,0.17,0.00,0.08,0.08,0.00,0.00,0.50,0.00,0.17
358,0.08,0.16,0.08,0.04,0.16,0.00,0.40,0.08,0.00
36,1.00,0.00,0.00,0.00,0.00,0.00,0.00,0.00,0.00
360,0.00,0.31,0.06,0.03,0.36,0.06,0.00,0.17,0.03
361,0.36,0.00,0.21,0.00,0.14,0.14,0.00,0.14,0.00
362,0.00,0.00,0.00,0.00,0.33,0.33,0.00,0.11,0.22
364,0.11,0.13,0.06,0.00,0.00,0.26,0.00,0.39,0.06
365,0.07,0.10,0.03,0.00,0.14,0.00,0.00,0.52,0.14
367,0.19,0.07,0.06,0.01,0.13,0.07,0.00,0.00,0.45
368,0.14,0.05,0.14,0.00,0.32,0.23,0.00,0.14,0.00
370,0.00,0.21,0.16,0.00,0.21,0.05,0.16,0.00,0.21
371,0.10,0.00,0.30,0.10,0.30,0.10,0.10,0.00,0.00
372,0.25,0.25,0.00,0.00,0.12,0.38,0.00,0.00,0.00
373,0.00,0.00,0.00,0.00,0.00,0.00,1.00,0.00,0.00
374,0.12,0.19,0.09,0.00,0.00,0.34,0.12,0.00,0.12
375,0.60,0.40,0.00,0.00,0.00,0.00,0.00,0.00,0.00
376,0.08,0.08,0.00,0.00,0.25,0.08,0.00,0.00,0.50
378,0.18,0.14,0.07,0.04,0.29,0.18,0.07,0.04,0.00
380,0.00,0.33,0.17,0.08,0.08,0.25,0.00,0.08,0.00
381,0.20,0.00,0.40,0.20,0.20,0.00,0.00,0.00,0.00
382,0.00,0.33,0.00,0.00,0.00,0.50,0.17,0.00,0.00
384,0.25,0.25,0.00,0.00,0.00,0.25,0.12,0.12,0.00
385,0.27,0.09,0.36,0.09,0.09,0.00,0.09,0.00,0.00
386,0.60,0.20,0.00,0.00,0.00,0.20,0.00,0.00,0.00
401,0.03,0.00,0.52,0.09,0.06,0.24,0.00,0.06,0.00
402,0.00,0.28,0.00,0.22,0.00,0.28,0.11,0.11,0.00
403,0.00,0.14,0.17,0.00,0.03,0.38,0.24,0.03,0.00
404,0.00,0.00,1.00,0.00,0.00,0.00,0.00,0.00,0.00
405,0.00,0.18,0.27,0.09,0.00,0.00,0.27,0.09,0.09
406,0.00,0.23,0.08,0.23,0.00,0.08,0.00,0.23,0.15
407,0.00,0.33,0.00,0.00,0.00,0.33,0.00,0.00,0.33
408,0.00,0.75,0.00,0.00,0.00,0.00,0.25,0.00,0.00
410,0.00,0.04,0.24,0.12,0.00,0.36,0.12,0.12,0.00
412,0.20,0.02,0.00,0.27,0.00,0.36,0.04,0.11,0.00
413,0.35,0.00,0.12,0.00,0.00,0.18,0.24,0.12,0.00
414,0.00,0.00,0.00,0.50,0.00,0.50,0.00,0.00,0.00
415,0.13,0.00,0.34,0.00,0.03,0.00,0.16,0.24,0.11
416,0.05,0.00,0.05,0.20,0.00,0.15,0.00,0.40,0.15
417,0.23,0.00,0.15,0.15,0.08,0.00,0.08,0.00,0.31
418,0.33,0.00,0.00,0.00,0.00,0.33,0.33,0.00,0.00
420,0.00,0.22,0.00,0.22,0.00,0.33,0.00,0.22,0.00
421,0.15,0.00,0.00,0.38,0.00,0.31,0.08,0.08,0.00
423,0.13,0.00,0.00,0.00,0.09,0.48,0.30,0.00,0.00
425,0.07,0.02,0.02,0.20,0.04,0.00,0.37,0.15,0.13
426,0.07,0.07,0.00,0.43,0.00,0.00,0.00,0.29,0.14
427,0.00,0.00,0.00,0.33,0.00,0.00,0.00,0.00,0.67
428,0.00,0.15,0.00,0.15,0.00,0.38,0.15,0.15,0.00
430,0.00,0.23,0.15,0.00,0.04,0.38,0.12,0.08,0.00
431,0.09,0.00,0.45,0.00,0.00,0.18,0.09,0.18,0.00
432,0.10,0.10,0.00,0.00,0.00,0.50,0.20,0.00,0.10
434,0.00,1.00,0.00,0.00,0.00,0.00,0.00,0.00,0.00
435,0.20,0.06,0.14,0.00,0.00,0.00,0.37,0.08,0.16
436,0.17,0.07,0.02,0.00,0.02,0.21,0.00,0.43,0.07
437,0.14,0.21,0.07,0.00,0.07,0.21,0.14,0.00,0.14
438,0.33,0.17,0.17,0.00,0.00,0.33,0.00,0.00,0.00
450,0.00,0.36,0.16,0.12,0.12,0.00,0.20,0.04,0.00
451,0.06,0.00,0.44,0.06,0.00,0.06,0.25,0.06,0.06
452,0.07,0.32,0.00,0.07,0.04,0.04,0.36,0.04,0.07
453,0.27,0.13,0.13,0.00,0.00,0.00,0.40,0.07,0.00
454,0.25,0.00,0.00,0.00,0.00,0.00,0.00,0.75,0.00
456,0.07,0.08,0.03,0.13,0.01,0.00,0.00,0.48,0.20
457,0.09,0.02,0.06,0.04,0.02,0.00,0.25,0.00,0.53
458,0.11,0.17,0.11,0.03,0.06,0.06,0.25,0.22,0.00
460,0.00,0.32,0.18,0.14,0.00,0.05,0.00,0.27,0.05
461,0.25,0.00,0.12,0.00,0.00,0.00,0.00,0.50,0.12
462,0.33,0.00,0.00,0.00,0.00,0.56,0.11,0.00,0.00
463,0.38,0.14,0.05,0.00,0.00,0.10,0.05,0.14,0.14
464,0.00,0.00,0.00,0.00,0.00,0.00,0.00,1.00,0.00
465,0.06,0.06,0.06,0.00,0.06,0.00,0.00,0.41,0.35
467,0.05,0.07,0.06,0.04,0.02,0.00,0.08,0.00,0.67
468,0.21,0.29,0.14,0.00,0.07,0.00,0.07,0.21,0.00
470,0.00,0.21,0.00,0.36,0.07,0.00,0.14,0.00,0.21
471,0.30,0.00,0.39,0.13,0.00,0.04,0.04,0.00,0.09
472,0.20,0.07,0.00,0.20,0.00,0.33,0.07,0.00,0.13
473,0.32,0.21,0.00,0.00,0.05,0.05,0.32,0.00,0.05
474,0.33,0.00,0.00,0.33,0.00,0.00,0.00,0.00,0.33
475,0.08,0.08,0.06,0.08,0.00,0.00,0.36,0.00,0.33
476,0.26,0.11,0.03,0.17,0.03,0.06,0.00,0.00,0.34
478,0.14,0.10,0.17,0.07,0.00,0.31,0.17,0.05,0.00
480,0.00,0.12,0.12,0.25,0.38,0.00,0.12,0.00,0.00
481,0.33,0.00,0.17,0.17,0.17,0.17,0.00,0.00,0.00
482,0.20,0.10,0.00,0.00,0.10,0.20,0.10,0.10,0.20
483,0.14,0.00,0.00,0.00,0.14,0.43,0.29,0.00,0.00
484,0.12,0.25,0.25,0.25,0.00,0.00,0.12,0.00,0.00
485,0.10,0.00,0.20,0.10,0.10,0.00,0.30,0.10,0.10
486,0.17,0.00,0.17,0.33,0.00,0.33,0.00,0.00,0.00
487,0.17,0.00,0.17,0.00,0.50,0.00,0.17,0.00,0.00
501,0.05,0.00,0.41,0.05,0.15,0.10,0.18,0.05,0.00
502,0.00,0.43,0.00,0.21,0.00,0.14,0.21,0.00,0.00
503,0.00,0.32,0.11,0.00,0.16,0.05,0.26,0.11,0.00
504,0.00,0.14,0.14,0.14,0.00,0.00,0.29,0.29,0.00
505,0.00,0.00,1.00,0.00,0.00,0.00,0.00,0.00,0.00
506,0.00,0.32,0.05,0.11,0.16,0.00,0.00,0.21,0.16
507,0.00,0.00,0.00,0.12,0.12,0.00,0.38,0.00,0.38
508,0.00,0.00,0.00,0.00,0.50,0.00,0.50,0.00,0.00
510,0.00,0.00,0.36,0.18,0.27,0.00,0.18,0.00,0.00
512,0.10,0.00,0.00,0.10,0.23,0.03,0.37,0.13,0.03
513,0.23,0.00,0.31,0.00,0.31,0.00,0.08,0.08,0.00
514,0.00,0.00,0.36,0.21,0.00,0.07,0.29,0.07,0.00
515,0.00,0.00,0.00,1.00,0.00,0.00,0.00,0.00,0.00
516,0.20,0.00,0.20,0.00,0.13,0.00,0.00,0.33,0.13
517,0.00,0.00,0.25,0.00,0.50,0.00,0.00,0.00,0.25
518,0.00,0.00,1.00,0.00,0.00,0.00,0.00,0.00,0.00
520,0.00,0.40,0.00,0.20,0.10,0.05,0.15,0.10,0.00
521,0.16,0.00,0.00,0.30,0.11,0.05,0.35,0.03,0.00
523,0.28,0.00,0.00,0.00,0.28,0.03,0.34,0.07,0.00
524,0.12,0.06,0.00,0.31,0.00,0.00,0.31,0.19,0.00
525,0.00,0.00,0.00,0.00,0.50,0.00,0.00,0.50,0.00
526,0.04,0.02,0.02,0.16,0.10,0.00,0.00,0.51,0.14
527,0.15,0.00,0.00,0.15,0.31,0.00,0.23,0.00,0.15
528,0.11,0.11,0.00,0.22,0.33,0.00,0.22,0.00,0.00
530,0.00,0.31,0.12,0.00,0.23,0.00,0.31,0.04,0.00
531,0.19,0.00,0.19,0.00,0.38,0.00,0.19,0.06,0.00
532,0.00,0.00,0.00,0.00,0.20,0.00,0.40,0.00,0.40
534,0.07,0.03,0.07,0.00,0.00,0.10,0.50,0.20,0.03
535,1.00,0.00,0.00,0.00,0.00,0.00,0.00,0.00,0.00
536,0.22,0.06,0.02,0.00,0.33,0.00,0.00,0.31,0.06
537,0.27,0.07,0.00,0.00,0.40,0.00,0.13,0.00,0.13
538,1.00,0.00,0.00,0.00,0.00,0.00,0.00,0.00,0.00
540,0.00,0.23,0.14,0.32,0.00,0.00,0.23,0.00,0.09
541,0.21,0.00,0.29,0.00,0.00,0.00,0.36,0.14,0.00
542,0.00,0.31,0.00,0.06,0.00,0.06,0.31,0.06,0.19
543,0.06,0.19,0.00,0.00,0.06,0.06,0.56,0.06,0.00
545,0.00,0.50,0.00,0.00,0.00,0.00,0.50,0.00,0.00
546,0.12,0.00,0.02,0.06,0.02,0.00,0.00,0.63,0.14
547,0.04,0.12,0.08,0.12,0.00,0.00,0.38,0.00,0.27
548,0.00,0.00,0.30,0.30,0.10,0.00,0.10,0.20,0.00
560,0.00,0.17,0.17,0.21,0.08,0.00,0.04,0.25,0.08
561,0.14,0.00,0.33,0.10,0.10,0.05,0.00,0.29,0.00
562,0.43,0.00,0.00,0.07,0.00,0.00,0.14,0.21,0.14
563,0.24,0.07,0.10,0.00,0.07,0.00,0.00,0.38,0.14
564,0.00,0.12,0.00,0.00,0.00,0.00,0.00,0.88,0.00
567,0.10,0.06,0.05,0.07,0.06,0.02,0.01,0.00,0.63
568,0.14,0.16,0.12,0.04,0.07,0.16,0.09,0.21,0.00
570,0.00,0.42,0.16,0.16,0.05,0.05,0.11,0.00,0.05
571,0.20,0.00,0.20,0.00,0.20,0.20,0.20,0.00,0.00
572,0.10,0.30,0.00,0.10,0.20,0.00,0.10,0.00,0.20
573,0.27,0.00,0.27,0.00,0.20,0.00,0.13,0.00,0.13
574,0.09,0.27,0.00,0.27,0.00,0.09,0.09,0.00,0.18
576,0.23,0.12,0.00,0.19,0.08,0.04,0.00,0.00,0.35
578,0.15,0.17,0.25,0.05,0.03,0.09,0.12,0.14,0.00
580,0.00,0.53,0.00,0.06,0.18,0.00,0.18,0.06,0.00
581,0.22,0.00,0.22,0.06,0.11,0.06,0.17,0.17,0.00
582,0.00,0.18,0.00,0.24,0.18,0.12,0.18,0.00,0.12
583,0.00,0.14,0.00,0.00,0.29,0.43,0.14,0.00,0.00
584,0.14,0.07,0.14,0.21,0.00,0.00,0.29,0.14,0.00
585,0.00,0.00,0.17,0.17,0.33,0.00,0.33,0.00,0.00
586,0.24,0.11,0.04,0.17,0.11,0.02,0.00,0.30,0.00
587,0.18,0.03,0.09,0.21,0.18,0.00,0.30,0.00,0.00
6,0.00,0.00,0.00,0.00,0.00,0.00,0.00,1.00,0.00
601,0.04,0.00,0.39,0.17,0.13,0.09,0.02,0.11,0.04
602,0.00,0.32,0.00,0.16,0.04,0.24,0.00,0.16,0.08
603,0.00,0.24,0.04,0.00,0.28,0.20,0.04,0.20,0.00
604,0.05,0.29,0.05,0.10,0.00,0.14,0.00,0.38,0.00
605,0.00,0.00,0.00,0.00,0.50,0.00,0.00,0.25,0.25
606,0.00,0.00,0.00,0.00,0.50,0.00,0.00,0.50,0.00
607,0.00,0.19,0.10,0.06,0.16,0.10,0.03,0.00,0.35
608,0.17,0.17,0.00,0.00,0.00,0.00,0.33,0.33,0.00
610,0.00,0.06,0.50,0.19,0.12,0.00,0.00,0.12,0.00
612,0.04,0.04,0.00,0.36,0.18,0.21,0.00,0.11,0.07
613,0.17,0.00,0.00,0.00,0.33,0.17,0.00,0.00,0.33
614,0.00,0.06,0.35,0.18,0.00,0.24,0.00,0.18,0.00
615,0.00,0.00,0.33,0.33,0.00,0.00,0.00,0.33,0.00
617,0.10,0.00,0.10,0.15,0.15,0.05,0.00,0.00,0.45
618,0.25,0.00,0.00,0.50,0.00,0.25,0.00,0.00,0.00
620,0.00,0.18,0.00,0.36,0.00,0.09,0.00,0.27,0.09
621,0.17,0.00,0.00,0.33,0.17,0.17,0.00,0.17,0.00
623,0.10,0.10,0.00,0.00,0.50,0.00,0.00,0.30,0.00
624,0.17,0.17,0.00,0.17,0.00,0.33,0.00,0.17,0.00
625,0.07,0.13,0.00,0.47,0.07,0.00,0.00,0.20,0.07
626,0.00,0.00,0.00,0.00,0.33,0.33,0.00,0.00,0.33
627,0.10,0.10,0.00,0.20,0.30,0.00,0.00,0.00,0.30
628,0.17,0.00,0.00,0.50,0.00,0.00,0.00,0.33,0.00
630,0.00,0.33,0.13,0.03,0.28,0.05,0.05,0.08,0.05
631,0.12,0.00,0.47,0.00,0.18,0.06,0.00,0.12,0.06
632,0.06,0.24,0.00,0.00,0.35,0.06,0.00,0.24,0.06
634,0.17,0.24,0.00,0.00,0.00,0.24,0.00,0.31,0.03
635,0.10,0.10,0.10,0.00,0.20,0.00,0.10,0.30,0.10
636,0.00,0.00,0.00,0.00,1.00,0.00,0.00,0.00,0.00
637,0.15,0.05,0.12,0.00,0.25,0.03,0.03,0.00,0.38
638,0.24,0.06,0.12,0.00,0.18,0.29,0.12,0.00,0.00
640,0.00,0.44,0.06,0.19,0.00,0.00,0.19,0.06,0.06
641,0.20,0.00,0.35,0.05,0.00,0.20,0.00,0.20,0.00
642,0.11,0.11,0.00,0.33,0.00,0.22,0.00,0.11,0.11
643,0.25,0.00,0.08,0.00,0.00,0.33,0.08,0.17,0.08
645,0.08,0.00,0.04,0.00,0.08,0.00,0.00,0.68,0.12
647,0.14,0.10,0.10,0.04,0.02,0.08,0.04,0.00,0.48
648,0.11,0.22,0.00,0.11,0.22,0.00,0.11,0.22,0.00
650,0.00,0.40,0.20,0.00,0.20,0.00,0.00,0.20,0.00
651,0.00,0.00,0.25,0.12,0.00,0.00,0.12,0.25,0.25
652,0.36,0.00,0.00,0.09,0.00,0.00,0.00,0.45,0.09
653,0.33,0.33,0.00,0.00,0.33,0.00,0.00,0.00,0.00
654,0.17,0.00,0.00,0.00,0.00,0.00,0.17,0.50,0.17
657,0.23,0.03,0.03,0.13,0.10,0.00,0.00,0.00,0.47
658,0.06,0.06,0.25,0.06,0.06,0.06,0.00,0.44,0.00
67,0.00,0.00,0.00,0.00,0.00,1.00,0.00,0.00,0.00
670,0.00,0.30,0.14,0.11,0.16,0.05,0.11,0.03,0.11
671,0.24,0.00,0.32,0.09,0.15,0.00,0.03,0.03,0.15
672,0.23,0.27,0.00,0.18,0.09,0.00,0.00,0.00,0.23
673,0.22,0.03,0.11,0.00,0.22,0.08,0.06,0.00,0.28
674,0.12,0.21,0.09,0.12,0.00,0.15,0.03,0.00,0.27
675,0.07,0.13,0.20,0.07,0.20,0.00,0.07,0.00,0.27
676,0.00,0.08,0.25,0.25,0.00,0.00,0.00,0.00,0.42
678,0.19,0.14,0.17,0.06,0.09,0.20,0.07,0.08,0.00
680,0.00,0.19,0.26,0.33,0.19,0.00,0.04,0.00,0.00
681,0.30,0.00,0.43,0.00,0.13,0.09,0.00,0.04,0.00
682,0.08,0.32,0.00,0.16,0.24,0.20,0.00,0.00,0.00
683,0.31,0.06,0.00,0.00,0.31,0.06,0.06,0.19,0.00
684,0.05,0.05,0.05,0.30,0.00,0.25,0.10,0.20,0.00
685,0.06,0.15,0.24,0.24,0.21,0.00,0.06,0.03,0.03
686,0.57,0.14,0.00,0.00,0.14,0.00,0.00,0.14,0.00
687,0.10,0.10,0.26,0.06,0.26,0.06,0.10,0.00,0.06
701,0.06,0.00,0.33,0.15,0.27,0.09,0.06,0.00,0.03
702,0.00,0.22,0.00,0.17,0.17,0.17,0.00,0.06,0.22
703,0.00,0.38,0.10,0.00,0.14,0.14,0.21,0.00,0.03
704,0.00,0.56,0.06,0.12,0.00,0.12,0.06,0.06,0.00
705,0.00,0.25,0.25,0.00,0.25,0.00,0.00,0.00,0.25
706,0.00,0.29,0.00,0.29,0.07,0.14,0.00,0.07,0.14
707,0.00,0.00,0.00,0.00,0.00,0.00,0.00,0.00,1.00
708,0.08,0.50,0.25,0.08,0.00,0.00,0.08,0.00,0.00
710,0.00,0.00,0.36,0.23,0.14,0.00,0.18,0.00,0.09
712,0.07,0.10,0.00,0.30,0.17,0.20,0.07,0.03,0.07
713,0.17,0.00,0.17,0.00,0.25,0.08,0.33,0.00,0.00
714,0.08,0.00,0.31,0.31,0.00,0.00,0.08,0.00,0.23
715,0.00,0.00,0.75,0.00,0.00,0.00,0.25,0.00,0.00
716,0.00,0.00,0.00,0.00,0.33,0.17,0.00,0.17,0.33
717,0.00,0.00,0.00,0.00,1.00,0.00,0.00,0.00,0.00
718,0.00,0.00,0.44,0.00,0.22,0.22,0.00,0.11,0.00
720,0.00,0.12,0.00,0.44,0.31,0.06,0.00,0.00,0.06
721,0.18,0.00,0.06,0.12,0.18,0.12,0.06,0.12,0.18
723,0.29,0.07,0.07,0.00,0.07,0.21,0.29,0.00,0.00
724,0.20,0.10,0.00,0.30,0.00,0.20,0.00,0.10,0.10
725,0.12,0.00,0.00,0.12,0.35,0.00,0.24,0.00,0.18
726,0.00,0.00,0.00,0.00,0.60,0.00,0.00,0.00,0.40
728,0.17,0.08,0.17,0.33,0.00,0.25,0.00,0.00,0.00
730,0.00,0.19,0.23,0.04,0.35,0.08,0.04,0.04,0.04
731,0.10,0.00,0.50,0.00,0.20,0.10,0.10,0.00,0.00
732,0.40,0.00,0.00,0.00,0.00,0.40,0.20,0.00,0.00
734,0.03,0.16,0.00,0.03,0.00,0.52,0.16,0.03,0.06
735,0.30,0.10,0.10,0.00,0.20,0.00,0.10,0.00,0.20
736,0.12,0.06,0.06,0.00,0.25,0.19,0.00,0.00,0.31
738,0.24,0.12,0.12,0.00,0.24,0.12,0.18,0.00,0.00
740,0.00,0.20,0.07,0.33,0.00,0.33,0.00,0.00,0.07
741,0.19,0.00,0.41,0.09,0.00,0.16,0.12,0.00,0.03
742,0.09,0.18,0.00,0.36,0.00,0.18,0.00,0.00,0.18
743,0.11,0.16,0.00,0.00,0.00,0.32,0.16,0.05,0.21
745,0.19,0.03,0.09,0.09,0.03,0.00,0.34,0.00,0.22
746,0.11,0.11,0.06,0.33,0.00,0.11,0.00,0.00,0.28
747,0.00,0.00,0.00,0.67,0.00,0.00,0.00,0.00,0.33
748,0.27,0.05,0.14,0.09,0.14,0.18,0.14,0.00,0.00
750,0.00,0.29,0.14,0.00,0.14,0.00,0.14,0.00,0.29
751,0.38,0.00,0.38,0.00,0.12,0.00,0.12,0.00,0.00
752,0.27,0.27,0.00,0.00,0.09,0.00,0.18,0.00,0.18
753,0.22,0.11,0.11,0.00,0.22,0.00,0.33,0.00,0.00
754,0.00,0.00,0.50,0.00,0.00,0.00,0.25,0.00,0.25
756,0.07,0.14,0.14,0.21,0.00,0.00,0.00,0.00,0.43
758,0.27,0.09,0.05,0.05,0.09,0.05,0.36,0.05,0.00
760,0.00,0.43,0.23,0.23,0.03,0.00,0.00,0.03,0.03
761,0.14,0.00,0.43,0.07,0.14,0.07,0.00,0.00,0.14
762,0.29,0.29,0.00,0.14,0.00,0.29,0.00,0.00,0.00
763,0.30,0.19,0.07,0.00,0.19,0.11,0.00,0.00,0.15
764,0.43,0.07,0.07,0.14,0.00,0.00,0.00,0.00,0.29
765,0.00,0.29,0.29,0.00,0.14,0.00,0.00,0.00,0.29
768,0.12,0.16,0.16,0.16,0.09,0.26,0.02,0.02,0.00
780,0.00,0.46,0.10,0.22,0.04,0.07,0.06,0.04,0.00
781,0.27,0.00,0.24,0.15,0.16,0.09,0.02,0.07,0.00
782,0.19,0.25,0.00,0.08,0.10,0.33,0.00,0.03,0.01
783,0.25,0.04,0.18,0.00,0.14,0.25,0.04,0.11,0.00
784,0.15,0.18,0.12,0.21,0.00,0.24,0.06,0.03,0.00
785,0.18,0.10,0.23,0.16,0.18,0.00,0.07,0.07,0.00
786,0.24,0.12,0.07,0.17,0.10,0.15,0.00,0.15,0.00
787,0.18,0.15,0.12,0.12,0.15,0.00,0.29,0.00,0.00
8,0.00,0.00,0.00,0.00,1.00,0.00,0.00,0.00,0.00
801,0.08,0.00,0.38,0.06,0.29,0.06,0.12,0.02,0.00
802,0.00,0.40,0.00,0.10,0.15,0.30,0.05,0.00,0.00
803,0.03,0.23,0.00,0.00,0.23,0.23,0.13,0.13,0.00
804,0.06,0.25,0.06,0.31,0.00,0.12,0.00,0.19,0.00
805,0.00,0.38,0.12,0.00,0.38,0.00,0.12,0.00,0.00
806,0.00,0.45,0.18,0.27,0.09,0.00,0.00,0.00,0.00
807,0.00,0.20,0.00,0.00,0.40,0.00,0.20,0.00,0.20
810,0.00,0.00,0.58,0.19,0.10,0.03,0.03,0.06,0.00
812,0.14,0.19,0.00,0.30,0.16,0.16,0.03,0.03,0.00
813,0.40,0.00,0.20,0.00,0.13,0.13,0.13,0.00,0.00
814,0.17,0.00,0.33,0.11,0.00,0.28,0.06,0.06,0.00
815,0.18,0.00,0.18,0.09,0.36,0.00,0.09,0.00,0.09
816,0.00,0.00,0.25,0.25,0.25,0.00,0.00,0.25,0.00
817,0.25,0.00,0.00,0.00,0.25,0.12,0.25,0.00,0.12
820,0.00,0.39,0.00,0.22,0.17,0.06,0.06,0.11,0.00
821,0.24,0.00,0.05,0.30,0.16,0.14,0.05,0.05,0.00
823,0.27,0.13,0.00,0.00,0.40,0.07,0.13,0.00,0.00
824,0.17,0.17,0.00,0.00,0.00,0.33,0.17,0.17,0.00
825,0.15,0.05,0.05,0.20,0.30,0.00,0.10,0.10,0.05
826,0.29,0.00,0.00,0.29,0.14,0.14,0.00,0.14,0.00
827,0.33,0.33,0.00,0.00,0.00,0.33,0.00,0.00,0.00
828,0.14,0.00,0.00,0.14,0.00,0.29,0.14,0.29,0.00
830,0.00,0.36,0.09,0.00,0.27,0.14,0.09,0.05,0.00
831,0.00,0.00,0.00,0.00,0.67,0.00,0.33,0.00,0.00
832,0.20,0.20,0.00,0.00,0.20,0.00,0.40,0.00,0.00
834,0.15,0.15,0.15,0.00,0.00,0.31,0.15,0.08,0.00
835,0.11,0.06,0.39,0.06,0.33,0.00,0.00,0.06,0.00
836,0.25,0.12,0.00,0.00,0.50,0.00,0.00,0.12,0.00
837,0.12,0.12,0.00,0.00,0.62,0.00,0.00,0.00,0.12
84,0.00,0.00,0.00,0.00,0.00,0.00,0.00,1.00,0.00
840,0.00,0.27,0.27,0.27,0.00,0.09,0.09,0.00,0.00
841,0.27,0.00,0.13,0.27,0.00,0.13,0.20,0.00,0.00
842,0.00,0.20,0.00,0.10,0.00,0.60,0.10,0.00,0.00
843,0.29,0.10,0.00,0.00,0.00,0.38,0.14,0.10,0.00
845,0.24,0.06,0.29,0.06,0.00,0.00,0.18,0.12,0.06
846,0.27,0.09,0.18,0.27,0.00,0.09,0.00,0.09,0.00
847,0.09,0.09,0.00,0.18,0.00,0.27,0.36,0.00,0.00
850,0.00,0.36,0.08,0.16,0.12,0.04,0.12,0.12,0.00
851,0.18,0.00,0.18,0.24,0.12,0.00,0.24,0.06,0.00
852,0.13,0.31,0.00,0.18,0.18,0.00,0.18,0.03,0.00
853,0.19,0.16,0.00,0.00,0.31,0.00,0.28,0.06,0.00
854,0.23,0.13,0.06,0.13,0.00,0.00,0.39,0.06,0.00
856,0.16,0.11,0.21,0.16,0.05,0.00,0.00,0.32,0.00
857,0.12,0.12,0.12,0.25,0.00,0.00,0.38,0.00,0.00
858,0.00,0.00,0.00,0.00,0.00,0.00,0.50,0.50,0.00
860,0.00,0.28,0.16,0.19,0.06,0.03,0.03,0.25,0.00
861,0.20,0.00,0.33,0.07,0.27,0.07,0.00,0.07,0.00
862,0.00,0.29,0.00,0.14,0.29,0.14,0.00,0.14,0.00
863,0.24,0.00,0.05,0.00,0.29,0.05,0.05,0.33,0.00
864,0.15,0.23,0.00,0.15,0.00,0.15,0.00,0.31,0.00
865,0.18,0.09,0.27,0.18,0.00,0.00,0.00,0.27,0.00
867,0.12,0.08,0.04,0.19,0.27,0.19,0.04,0.00,0.08
870,0.00,0.29,0.18,0.47,0.06,0.00,0.00,0.00,0.00
871,0.33,0.00,0.11,0.22,0.22,0.00,0.11,0.00,0.00
872,0.06,0.06,0.00,0.25,0.19,0.31,0.12,0.00,0.00
873,0.20,0.13,0.07,0.00,0.33,0.07,0.13,0.00,0.07
874,0.12,0.32,0.04,0.12,0.00,0.20,0.12,0.00,0.08
875,0.00,0.00,0.00,0.50,0.00,0.00,0.00,0.00,0.50
876,0.41,0.07,0.03,0.21,0.17,0.07,0.00,0.00,0.03
878,0.00,0.00,0.50,0.00,0.50,0.00,0.00,0.00,0.00
